id,author,creation_date,ingestion_date,score,subreddit,text_content
mock_1770213741_7281,eth_fan,2026-02-04 14:02:21.618+0000,2026-02-04 14:02:42.348+0000,22,dogecoin,To the moon! 🌙
mock_1770213745_9347,btc_whale,2026-02-04 14:02:25.637+0000,2026-02-04 14:02:42.348+0000,45,CryptoMarkets,"Just bought more ethereum, feeling good about this investment"
mock_1770213733_3535,moon_boy,2026-02-04 14:02:13.586+0000,2026-02-04 14:02:22.280+0000,35,CryptoMarkets,Smart contracts are amazing technology
mock_1770213753_7348,eth_fan,2026-02-04 14:02:33.673+0000,2026-02-04 14:02:42.348+0000,50,dogecoin,NFTs are revolutionizing digital art
mock_1770213765_9497,crypto_trader,2026-02-04 14:02:45.718+0000,2026-02-04 14:03:02.314+0000,37,dogecoin,Smart contracts are amazing technology
mock_1770213685_4226,crypto_trader,2026-02-04 14:01:25.412+0000,2026-02-04 14:01:32.129+0000,88,Bitcoin,HODL! Don't sell during the dip
mock_1770213709_8931,crypto_trader,2026-02-04 14:01:49.492+0000,2026-02-04 14:02:02.477+0000,64,dogecoin,"DeFi is the future of finance, change my mind"
mock_1770213727_6691,moon_boy,2026-02-04 14:02:07.563+0000,2026-02-04 14:02:22.280+0000,59,ethereum,"DeFi is the future of finance, change my mind"
mock_1770213721_5992,crypto_trader,2026-02-04 14:02:01.537+0000,2026-02-04 14:02:22.280+0000,86,ethereum,"DeFi is the future of finance, change my mind"
mock_1770213755_8300,crypto_trader,2026-02-04 14:02:35.683+0000,2026-02-04 14:02:42.348+0000,8,ethereum,This cryptocurrency has huge potential
mock_1770213769_8133,hodler123,2026-02-04 14:02:49.737+0000,2026-02-04 14:03:02.314+0000,59,dogecoin,HODL! Don't sell during the dip
mock_1770213691_5740,eth_fan,2026-02-04 14:01:31.430+0000,2026-02-04 14:01:41.936+0000,37,Bitcoin,This cryptocurrency has huge potential
mock_1770213735_8619,crypto_trader,2026-02-04 14:02:15.596+0000,2026-02-04 14:02:22.280+0000,81,Bitcoin,To the moon! 🌙
mock_1770213729_8301,crypto_trader,2026-02-04 14:02:09.567+0000,2026-02-04 14:02:22.280+0000,43,CryptoMarkets,This cryptocurrency has huge potential
mock_1770213731_1591,eth_fan,2026-02-04 14:02:11.579+0000,2026-02-04 14:02:22.280+0000,76,dogecoin,NFTs are revolutionizing digital art
mock_1770213725_9467,hodler123,2026-02-04 14:02:05.558+0000,2026-02-04 14:02:22.280+0000,99,ethereum,Bitcoin is looking bullish today! 🚀
mock_1770213683_8164,btc_whale,2026-02-04 14:01:23.408+0000,2026-02-04 14:01:32.129+0000,1,ethereum,"DeFi is the future of finance, change my mind"
mock_1770213749_8413,eth_fan,2026-02-04 14:02:29.657+0000,2026-02-04 14:02:42.348+0000,33,cryptocurrency,HODL! Don't sell during the dip
mock_1770213747_5415,hodler123,2026-02-04 14:02:27.647+0000,2026-02-04 14:02:42.348+0000,47,Bitcoin,Blockchain technology will change everything
mock_1770213739_4417,hodler123,2026-02-04 14:02:19.607+0000,2026-02-04 14:02:22.280+0000,44,CryptoMarkets,Blockchain technology will change everything
mock_1770213719_6763,eth_fan,2026-02-04 14:01:59.530+0000,2026-02-04 14:02:02.477+0000,63,CryptoMarkets,"DeFi is the future of finance, change my mind"
mock_1770213711_1477,moon_boy,2026-02-04 14:01:51.503+0000,2026-02-04 14:02:02.477+0000,23,cryptocurrency,Blockchain technology will change everything
mock_1770213771_3153,eth_fan,2026-02-04 14:02:51.745+0000,2026-02-04 14:03:02.314+0000,53,ethereum,Smart contracts are amazing technology
mock_1770213697_2172,hodler123,2026-02-04 14:01:37.451+0000,2026-02-04 14:01:41.936+0000,95,dogecoin,The crypto market is volatile but I'm holding strong
mock_1770213751_3430,btc_whale,2026-02-04 14:02:31.665+0000,2026-02-04 14:02:42.348+0000,76,CryptoMarkets,"Just bought more ethereum, feeling good about this investment"
mock_1770213693_2179,crypto_trader,2026-02-04 14:01:33.435+0000,2026-02-04 14:01:41.936+0000,5,dogecoin,Blockchain technology will change everything
mock_1770213687_3321,crypto_trader,2026-02-04 14:01:27.416+0000,2026-02-04 14:01:41.936+0000,16,dogecoin,This cryptocurrency has huge potential
mock_1770213723_8949,hodler123,2026-02-04 14:02:03.543+0000,2026-02-04 14:02:22.280+0000,29,cryptocurrency,HODL! Don't sell during the dip
mock_1770213743_6256,eth_fan,2026-02-04 14:02:23.626+0000,2026-02-04 14:02:42.348+0000,81,cryptocurrency,NFTs are revolutionizing digital art
mock_1770213775_5628,eth_fan,2026-02-04 14:02:55.765+0000,2026-02-04 14:03:02.314+0000,68,cryptocurrency,This cryptocurrency has huge potential
mock_1770213695_8741,crypto_trader,2026-02-04 14:01:35.443+0000,2026-02-04 14:01:41.936+0000,80,CryptoMarkets,To the moon! 🌙
mock_1770213681_6926,crypto_trader,2026-02-04 14:01:21.292+0000,2026-02-04 14:01:32.129+0000,63,Bitcoin,"Just bought more ethereum, feeling good about this investment"
mock_1770213757_9188,btc_whale,2026-02-04 14:02:37.690+0000,2026-02-04 14:02:42.348+0000,63,dogecoin,The crypto market is volatile but I'm holding strong
mock_1770213737_8758,crypto_trader,2026-02-04 14:02:17.601+0000,2026-02-04 14:02:22.280+0000,30,cryptocurrency,NFTs are revolutionizing digital art
mock_1770213759_2609,crypto_trader,2026-02-04 14:02:39.699+0000,2026-02-04 14:02:42.348+0000,41,dogecoin,Blockchain technology will change everything
mock_1770213715_6131,moon_boy,2026-02-04 14:01:55.514+0000,2026-02-04 14:02:02.477+0000,38,Bitcoin,Bitcoin is looking bullish today! 🚀
mock_1770213701_5138,hodler123,2026-02-04 14:01:41.464+0000,2026-02-04 14:02:02.477+0000,11,dogecoin,To the moon! 🌙
mock_1770213763_7130,hodler123,2026-02-04 14:02:43.713+0000,2026-02-04 14:03:02.314+0000,3,CryptoMarkets,Blockchain technology will change everything
mock_1770213773_3702,eth_fan,2026-02-04 14:02:53.756+0000,2026-02-04 14:03:02.314+0000,73,CryptoMarkets,"Just bought more ethereum, feeling good about this investment"
mock_1770213717_2801,btc_whale,2026-02-04 14:01:57.521+0000,2026-02-04 14:02:02.477+0000,17,dogecoin,Smart contracts are amazing technology
mock_1770213767_5164,btc_whale,2026-02-04 14:02:47.727+0000,2026-02-04 14:03:02.314+0000,46,dogecoin,"Just bought more ethereum, feeling good about this investment"
mock_1770213761_9354,btc_whale,2026-02-04 14:02:41.704+0000,2026-02-04 14:03:02.314+0000,59,dogecoin,Smart contracts are amazing technology
mock_1770213707_7303,eth_fan,2026-02-04 14:01:47.486+0000,2026-02-04 14:02:02.477+0000,25,Bitcoin,Blockchain technology will change everything
mock_1770213779_9498,moon_boy,2026-02-04 14:02:59.848+0000,2026-02-04 14:03:02.314+0000,54,cryptocurrency,Bitcoin is looking bullish today! 🚀
mock_1770213713_8009,moon_boy,2026-02-04 14:01:53.506+0000,2026-02-04 14:02:02.477+0000,62,CryptoMarkets,"DeFi is the future of finance, change my mind"
mock_1770213689_6340,crypto_trader,2026-02-04 14:01:29.422+0000,2026-02-04 14:01:41.936+0000,30,Bitcoin,Blockchain technology will change everything
mock_1770213705_7778,eth_fan,2026-02-04 14:01:45.480+0000,2026-02-04 14:02:02.477+0000,57,cryptocurrency,Blockchain technology will change everything
mock_1770213777_9146,eth_fan,2026-02-04 14:02:57.775+0000,2026-02-04 14:03:02.314+0000,23,ethereum,Bitcoin is looking bullish today! 🚀
mock_1770213703_1558,hodler123,2026-02-04 14:01:43.470+0000,2026-02-04 14:02:02.477+0000,26,CryptoMarkets,This cryptocurrency has huge potential
mock_1770213699_3215,crypto_trader,2026-02-04 14:01:39.455+0000,2026-02-04 14:01:41.936+0000,54,Bitcoin,NFTs are revolutionizing digital art
